{
  "project_info": {
    "project_number": "67575318525",
    "project_id": "fitness-buff",
    "storage_bucket": "fitness-buff.appspot.com"
  },
  "client": [
    {
      "client_info": {
        "mobilesdk_app_id": "1:67575318525:android:1825bf2ea0f292e372bb94",
        "android_client_info": {
          "package_name": "co.in.nextgencoder"
        }
      },
      "oauth_client": [
        {
          "client_id": "67575318525-u8quveh6r5k8d9smtot4acvgo9gufpbk.apps.googleusercontent.com",
          "client_type": 3
        }
      ],
      "api_key": [
        {
          "current_key": "AIzaSyDu0gKnD2IeEOKYjjtoGY5LfvWLTTnj-dQ"
        }
      ],
      "services": {
        "appinvite_service": {
          "other_platform_oauth_client": [
            {
              "client_id": "67575318525-u8quveh6r5k8d9smtot4acvgo9gufpbk.apps.googleusercontent.com",
              "client_type": 3
            }
          ]
        }
      }
    }
  ],
  "configuration_version": "1"
}